Effective Sparsity,Activation Error,Baseline Error,q,k,v,o,gate,up,down
0.00196078431372549,0.0001367330551147461,0.0008077621459960938,0.0,0.0,0.0,0.0,0.0,0.0,0.007142857142857143
0.00392156862745098,0.0003039836883544922,0.0008859634399414062,0.0,0.0,0.0,0.0,0.0,0.0,0.014285714285714285
0.0058823529411764705,0.00046133995056152344,0.0009741783142089844,0.0,0.0,0.0,0.0,0.0,0.0,0.02142857142857143
0.00784313725490196,0.0005750656127929688,0.0010766983032226562,0.0,0.0,0.0,0.0,0.007142857142857143,0.0,0.02142857142857143
0.00980392156862745,0.0006723403930664062,0.0011949539184570312,0.0,0.0,0.0,0.0,0.007142857142857143,0.007142857142857143,0.02142857142857143
0.011764705882352941,0.0007810592651367188,0.0013360977172851562,0.0,0.0,0.0,0.0,0.007142857142857143,0.007142857142857143,0.02857142857142857
0.013725490196078431,0.0009288787841796875,0.0014944076538085938,0.0,0.0,0.0,0.0,0.014285714285714285,0.007142857142857143,0.02857142857142857
0.01568627450980392,0.0010662078857421875,0.0016736984252929688,0.0,0.0,0.0,0.0,0.014285714285714285,0.007142857142857143,0.03571428571428571
0.01764705882352941,0.0012378692626953125,0.0018672943115234375,0.0,0.0,0.0,0.0,0.014285714285714285,0.014285714285714285,0.03571428571428571
0.0196078431372549,0.0014047622680664062,0.0020809173583984375,0.0,0.0,0.0,0.0,0.014285714285714285,0.014285714285714285,0.04285714285714286
0.021568627450980395,0.00159454345703125,0.0023136138916015625,0.0,0.0,0.0,0.0,0.02142857142857143,0.014285714285714285,0.04285714285714286
0.023529411764705885,0.0017910003662109375,0.002559661865234375,0.0,0.0,0.0,0.0,0.02142857142857143,0.014285714285714285,0.05
0.025490196078431372,0.002033233642578125,0.0028076171875,0.0,0.0,0.0,0.025,0.02142857142857143,0.014285714285714285,0.05
0.027450980392156862,0.00220489501953125,0.003082275390625,0.025,0.0,0.0,0.025,0.02142857142857143,0.014285714285714285,0.05
0.029411764705882353,0.0024089813232421875,0.0033779144287109375,0.025,0.0,0.0,0.025,0.02142857142857143,0.014285714285714285,0.05714285714285715
0.03137254901960784,0.0026149749755859375,0.003696441650390625,0.025,0.0,0.0,0.025,0.02142857142857143,0.02142857142857143,0.05714285714285715
0.03333333333333333,0.0028171539306640625,0.004024505615234375,0.025,0.0,0.0,0.025,0.02857142857142857,0.02142857142857143,0.05714285714285715
0.03529411764705882,0.003040313720703125,0.00437164306640625,0.025,0.0,0.0,0.025,0.02857142857142857,0.02142857142857143,0.0642857142857143
0.03725490196078431,0.0033111572265625,0.004703521728515625,0.025,0.0,0.0,0.025,0.02857142857142857,0.02142857142857143,0.07142857142857144
0.0392156862745098,0.00357818603515625,0.00504302978515625,0.025,0.0,0.0,0.025,0.03571428571428571,0.02142857142857143,0.07142857142857144
0.041176470588235294,0.00385284423828125,0.005413055419921875,0.025,0.0,0.0,0.025,0.03571428571428571,0.02857142857142857,0.07142857142857144
0.04313725490196079,0.004123687744140625,0.00579071044921875,0.05,0.0,0.0,0.025,0.03571428571428571,0.02857142857142857,0.07142857142857144
0.04509803921568628,0.004383087158203125,0.006168365478515625,0.05,0.0,0.0,0.05,0.03571428571428571,0.02857142857142857,0.07142857142857144
0.04705882352941177,0.00463104248046875,0.006557464599609375,0.05,0.0,0.0,0.05,0.03571428571428571,0.02857142857142857,0.07857142857142858
0.049019607843137254,0.00492095947265625,0.00696563720703125,0.05,0.0,0.0,0.05,0.04285714285714286,0.02857142857142857,0.07857142857142858
0.050980392156862744,0.00519561767578125,0.007350921630859375,0.05,0.0,0.0,0.05,0.04285714285714286,0.02857142857142857,0.08571428571428573
0.05294117647058824,0.00551605224609375,0.007801055908203125,0.05,0.0,0.0,0.05,0.04285714285714286,0.03571428571428571,0.08571428571428573
0.05490196078431373,0.00582122802734375,0.0082550048828125,0.05,0.0,0.0,0.05,0.04285714285714286,0.03571428571428571,0.09285714285714287
0.05686274509803922,0.006145477294921875,0.0087127685546875,0.05,0.0,0.0,0.05,0.05,0.03571428571428571,0.09285714285714287
0.05882352941176471,0.006481170654296875,0.00916290283203125,0.05,0.0,0.0,0.05,0.05,0.03571428571428571,0.10000000000000002
0.06078431372549021,0.006862640380859375,0.00962066650390625,0.05,0.0,0.0,0.05,0.05,0.03571428571428571,0.10714285714285716
0.06274509803921569,0.007228851318359375,0.0100860595703125,0.05,0.0,0.0,0.05,0.05,0.04285714285714286,0.10714285714285716
0.0647058823529412,0.007587432861328125,0.0105743408203125,0.05,0.0,0.0,0.07500000000000001,0.05,0.04285714285714286,0.10714285714285716
0.06666666666666668,0.00792694091796875,0.01105499267578125,0.05,0.0,0.0,0.07500000000000001,0.05714285714285715,0.04285714285714286,0.10714285714285716
0.06862745098039216,0.00826263427734375,0.011505126953125,0.07500000000000001,0.0,0.0,0.07500000000000001,0.05714285714285715,0.04285714285714286,0.10714285714285716
0.07058823529411766,0.0086212158203125,0.0120086669921875,0.07500000000000001,0.0,0.0,0.07500000000000001,0.05714285714285715,0.04285714285714286,0.11428571428571431
0.07254901960784314,0.009002685546875,0.01248931884765625,0.07500000000000001,0.0,0.0,0.07500000000000001,0.0642857142857143,0.04285714285714286,0.11428571428571431
0.07450980392156864,0.00939178466796875,0.01299285888671875,0.07500000000000001,0.0,0.0,0.07500000000000001,0.0642857142857143,0.04285714285714286,0.12142857142857146
0.07647058823529412,0.00977325439453125,0.0134735107421875,0.07500000000000001,0.0,0.0,0.07500000000000001,0.0642857142857143,0.05,0.12142857142857146
0.0784313725490196,0.01018524169921875,0.01398468017578125,0.07500000000000001,0.0,0.0,0.07500000000000001,0.0642857142857143,0.05,0.1285714285714286
0.0803921568627451,0.010589599609375,0.0145111083984375,0.07500000000000001,0.0,0.0,0.07500000000000001,0.07142857142857144,0.05,0.1285714285714286
0.08235294117647061,0.0110321044921875,0.01502227783203125,0.07500000000000001,0.0,0.0,0.07500000000000001,0.07142857142857144,0.05,0.13571428571428573
0.0843137254901961,0.01146697998046875,0.01556396484375,0.07500000000000001,0.0,0.0,0.07500000000000001,0.07142857142857144,0.05714285714285715,0.13571428571428573
0.08627450980392158,0.0119171142578125,0.016082763671875,0.1,0.0,0.0,0.07500000000000001,0.07142857142857144,0.05714285714285715,0.13571428571428573
0.08823529411764708,0.0123443603515625,0.0166168212890625,0.1,0.0,0.0,0.07500000000000001,0.07857142857142858,0.05714285714285715,0.13571428571428573
0.09019607843137256,0.01276397705078125,0.01715087890625,0.1,0.0,0.0,0.1,0.07857142857142858,0.05714285714285715,0.13571428571428573
0.09215686274509806,0.01318359375,0.0177154541015625,0.1,0.0,0.0,0.1,0.07857142857142858,0.05714285714285715,0.14285714285714288
0.09411764705882354,0.01364898681640625,0.01824951171875,0.1,0.0,0.0,0.1,0.07857142857142858,0.05714285714285715,0.15000000000000002
0.09607843137254903,0.01409912109375,0.0188446044921875,0.1,0.0,0.0,0.1,0.08571428571428573,0.05714285714285715,0.15000000000000002
0.09803921568627452,0.0145416259765625,0.0193939208984375,0.1,0.0,0.0,0.1,0.08571428571428573,0.0642857142857143,0.15000000000000002
0.1,0.0150146484375,0.01995849609375,0.1,0.0,0.0,0.1,0.08571428571428573,0.0642857142857143,0.15714285714285717
0.10196078431372552,0.01551055908203125,0.0205230712890625,0.1,0.0,0.0,0.1,0.09285714285714287,0.0642857142857143,0.15714285714285717
0.103921568627451,0.0160064697265625,0.0211029052734375,0.1,0.0,0.0,0.1,0.09285714285714287,0.0642857142857143,0.1642857142857143
0.10588235294117648,0.016510009765625,0.0216522216796875,0.1,0.0,0.0,0.1,0.09285714285714287,0.07142857142857144,0.1642857142857143
0.10784313725490197,0.0170135498046875,0.022216796875,0.1,0.0,0.0,0.1,0.10000000000000002,0.07142857142857144,0.1642857142857143
0.10980392156862748,0.0175323486328125,0.0228118896484375,0.125,0.0,0.0,0.1,0.10000000000000002,0.07142857142857144,0.1642857142857143
0.11176470588235296,0.018035888671875,0.0233612060546875,0.125,0.0,0.0,0.1,0.10000000000000002,0.07142857142857144,0.17142857142857146
0.11372549019607844,0.0185546875,0.02398681640625,0.125,0.0,0.0,0.125,0.10000000000000002,0.07142857142857144,0.17142857142857146
0.11568627450980393,0.019073486328125,0.0245819091796875,0.125,0.0,0.0,0.125,0.10000000000000002,0.07857142857142858,0.17142857142857146
0.11764705882352942,0.0195770263671875,0.0251922607421875,0.125,0.0,0.0,0.125,0.10000000000000002,0.07857142857142858,0.1785714285714286
0.11960784313725491,0.02008056640625,0.0258026123046875,0.125,0.0,0.0,0.125,0.10714285714285716,0.07857142857142858,0.1785714285714286
0.12156862745098042,0.0206298828125,0.026397705078125,0.125,0.0,0.0,0.125,0.10714285714285716,0.07857142857142858,0.18571428571428575
0.1235294117647059,0.0211944580078125,0.027008056640625,0.125,0.0,0.0,0.125,0.11428571428571431,0.07857142857142858,0.18571428571428575
0.1254901960784314,0.021728515625,0.0276336669921875,0.125,0.0,0.0,0.125,0.11428571428571431,0.08571428571428573,0.18571428571428575
0.1274509803921569,0.0222930908203125,0.0282440185546875,0.125,0.0,0.0,0.125,0.11428571428571431,0.08571428571428573,0.1928571428571429
0.1294117647058824,0.0228729248046875,0.0288543701171875,0.15,0.0,0.0,0.125,0.11428571428571431,0.08571428571428573,0.1928571428571429
0.13137254901960788,0.0234375,0.02947998046875,0.15,0.0,0.0,0.125,0.12142857142857146,0.08571428571428573,0.1928571428571429
0.13333333333333336,0.0240020751953125,0.0301055908203125,0.15,0.0,0.0,0.125,0.12142857142857146,0.08571428571428573,0.20000000000000004
0.13529411764705887,0.0245819091796875,0.0307464599609375,0.15,0.0,0.0,0.125,0.12142857142857146,0.09285714285714287,0.20000000000000004
0.13725490196078435,0.025177001953125,0.0313720703125,0.15,0.0,0.0,0.125,0.1285714285714286,0.09285714285714287,0.20000000000000004
0.13921568627450984,0.0257568359375,0.032012939453125,0.15,0.0,0.0,0.125,0.1285714285714286,0.09285714285714287,0.20714285714285718
0.14117647058823532,0.0263671875,0.032684326171875,0.15,0.0,0.0,0.15,0.1285714285714286,0.09285714285714287,0.20714285714285718
0.1431372549019608,0.0269775390625,0.033355712890625,0.15,0.0,0.0,0.15,0.1285714285714286,0.10000000000000002,0.20714285714285718
0.1450980392156863,0.0275726318359375,0.034027099609375,0.15,0.0,0.0,0.15,0.1285714285714286,0.10000000000000002,0.21428571428571433
0.1470588235294118,0.0281829833984375,0.034698486328125,0.15,0.0,0.0,0.15,0.13571428571428573,0.10000000000000002,0.21428571428571433
0.14901960784313728,0.02880859375,0.035369873046875,0.15,0.0,0.0,0.15,0.13571428571428573,0.10000000000000002,0.22142857142857147
0.15098039215686276,0.029449462890625,0.036041259765625,0.175,0.0,0.0,0.15,0.13571428571428573,0.10000000000000002,0.22142857142857147
0.15294117647058827,0.0300750732421875,0.0367431640625,0.175,0.0,0.0,0.15,0.14285714285714288,0.10000000000000002,0.22142857142857147
0.15490196078431376,0.03070068359375,0.037445068359375,0.175,0.0,0.0,0.15,0.14285714285714288,0.10714285714285716,0.22142857142857147
0.15686274509803924,0.031341552734375,0.03814697265625,0.175,0.0,0.0,0.15,0.14285714285714288,0.10714285714285716,0.22857142857142862
0.15882352941176472,0.031982421875,0.038848876953125,0.175,0.0,0.0,0.15,0.15000000000000002,0.10714285714285716,0.22857142857142862
0.1607843137254902,0.03265380859375,0.03955078125,0.175,0.0,0.0,0.15,0.15000000000000002,0.11428571428571431,0.22857142857142862
0.1627450980392157,0.033294677734375,0.04022216796875,0.175,0.0,0.0,0.15,0.15000000000000002,0.11428571428571431,0.23571428571428577
0.16470588235294123,0.03399658203125,0.04095458984375,0.175,0.0,0.0,0.15,0.15714285714285717,0.11428571428571431,0.23571428571428577
0.1666666666666667,0.03466796875,0.04168701171875,0.175,0.0,0.0,0.15,0.15714285714285717,0.11428571428571431,0.2428571428571429
0.1686274509803922,0.035369873046875,0.04241943359375,0.175,0.0,0.0,0.175,0.15714285714285717,0.11428571428571431,0.2428571428571429
0.17058823529411768,0.036041259765625,0.04315185546875,0.175,0.0,0.0,0.175,0.1642857142857143,0.11428571428571431,0.2428571428571429
0.17254901960784316,0.0367431640625,0.04388427734375,0.19999999999999998,0.0,0.0,0.175,0.1642857142857143,0.11428571428571431,0.2428571428571429
0.17450980392156867,0.03741455078125,0.04461669921875,0.19999999999999998,0.0,0.0,0.175,0.1642857142857143,0.12142857142857146,0.2428571428571429
0.17647058823529416,0.0380859375,0.045379638671875,0.19999999999999998,0.0,0.0,0.175,0.1642857142857143,0.12142857142857146,0.25000000000000006
0.17843137254901964,0.038787841796875,0.046112060546875,0.19999999999999998,0.0,0.0,0.175,0.17142857142857146,0.12142857142857146,0.25000000000000006
0.18039215686274515,0.03948974609375,0.046905517578125,0.19999999999999998,0.0,0.0,0.175,0.17142857142857146,0.1285714285714286,0.25000000000000006
0.1823529411764706,0.040191650390625,0.04766845703125,0.19999999999999998,0.0,0.0,0.175,0.17142857142857146,0.1285714285714286,0.2571428571428572
0.18431372549019612,0.0408935546875,0.048431396484375,0.19999999999999998,0.0,0.0,0.175,0.1785714285714286,0.1285714285714286,0.2571428571428572
0.18627450980392157,0.041595458984375,0.0491943359375,0.19999999999999998,0.0,0.0,0.175,0.1785714285714286,0.1285714285714286,0.2642857142857143
0.18823529411764708,0.0423583984375,0.049957275390625,0.19999999999999998,0.0,0.0,0.175,0.1785714285714286,0.13571428571428573,0.2642857142857143
0.19019607843137254,0.0430908203125,0.05078125,0.19999999999999998,0.0,0.0,0.175,0.1785714285714286,0.13571428571428573,0.2714285714285714
0.19215686274509805,0.043853759765625,0.051544189453125,0.22499999999999998,0.0,0.0,0.175,0.1785714285714286,0.13571428571428573,0.2714285714285714
0.19411764705882353,0.044586181640625,0.052337646484375,0.22499999999999998,0.0,0.0,0.175,0.18571428571428575,0.13571428571428573,0.2714285714285714
0.19607843137254902,0.04534912109375,0.053131103515625,0.22499999999999998,0.0,0.0,0.175,0.18571428571428575,0.14285714285714288,0.2714285714285714
0.19803921568627453,0.046112060546875,0.053955078125,0.22499999999999998,0.0,0.0,0.19999999999999998,0.18571428571428575,0.14285714285714288,0.2714285714285714
0.19999999999999998,0.046875,0.054779052734375,0.22499999999999998,0.0,0.0,0.19999999999999998,0.1928571428571429,0.14285714285714288,0.2714285714285714
0.2019607843137255,0.047607421875,0.05560302734375,0.22499999999999998,0.0,0.0,0.19999999999999998,0.1928571428571429,0.14285714285714288,0.2785714285714285
0.20392156862745095,0.048370361328125,0.056396484375,0.22499999999999998,0.0,0.0,0.19999999999999998,0.1928571428571429,0.14285714285714288,0.28571428571428564
0.20588235294117646,0.049163818359375,0.057220458984375,0.22499999999999998,0.0,0.0,0.19999999999999998,0.20000000000000004,0.14285714285714288,0.28571428571428564
0.20784313725490194,0.0499267578125,0.058074951171875,0.22499999999999998,0.0,0.0,0.19999999999999998,0.20000000000000004,0.15000000000000002,0.28571428571428564
0.20980392156862743,0.05072021484375,0.05889892578125,0.22499999999999998,0.0,0.0,0.19999999999999998,0.20000000000000004,0.15000000000000002,0.29285714285714276
0.2117647058823529,0.051513671875,0.05975341796875,0.22499999999999998,0.0,0.0,0.19999999999999998,0.20714285714285718,0.15000000000000002,0.29285714285714276
0.2137254901960784,0.05230712890625,0.06060791015625,0.22499999999999998,0.0,0.0,0.19999999999999998,0.20714285714285718,0.15000000000000002,0.2999999999999999
0.21568627450980393,0.053131103515625,0.061431884765625,0.24999999999999997,0.0,0.0,0.19999999999999998,0.20714285714285718,0.15000000000000002,0.2999999999999999
0.21764705882352936,0.053924560546875,0.062286376953125,0.24999999999999997,0.0,0.0,0.19999999999999998,0.20714285714285718,0.15714285714285717,0.2999999999999999
0.2196078431372549,0.05474853515625,0.0631103515625,0.24999999999999997,0.0,0.0,0.19999999999999998,0.21428571428571433,0.15714285714285717,0.2999999999999999
0.22156862745098038,0.055572509765625,0.06402587890625,0.24999999999999997,0.0,0.0,0.19999999999999998,0.22142857142857147,0.15714285714285717,0.2999999999999999
0.22352941176470587,0.056396484375,0.06488037109375,0.24999999999999997,0.0,0.0,0.19999999999999998,0.22142857142857147,0.1642857142857143,0.2999999999999999
0.22549019607843138,0.05718994140625,0.0657958984375,0.24999999999999997,0.0,0.0,0.19999999999999998,0.22142857142857147,0.1642857142857143,0.307142857142857
0.22745098039215683,0.058013916015625,0.066650390625,0.24999999999999997,0.0,0.0,0.19999999999999998,0.22142857142857147,0.1642857142857143,0.3142857142857141
0.22941176470588234,0.05889892578125,0.06756591796875,0.24999999999999997,0.0,0.0,0.22499999999999998,0.22142857142857147,0.1642857142857143,0.3142857142857141
0.2313725490196078,0.05975341796875,0.0684814453125,0.24999999999999997,0.0,0.0,0.22499999999999998,0.22857142857142862,0.1642857142857143,0.3142857142857141
0.2333333333333333,0.06060791015625,0.06939697265625,0.24999999999999997,0.0,0.0,0.22499999999999998,0.22857142857142862,0.17142857142857146,0.3142857142857141
0.2352941176470588,0.06146240234375,0.0703125,0.24999999999999997,0.0,0.0,0.22499999999999998,0.22857142857142862,0.17142857142857146,0.32142857142857123
0.23725490196078428,0.06231689453125,0.07122802734375,0.27499999999999997,0.0,0.0,0.22499999999999998,0.22857142857142862,0.17142857142857146,0.32142857142857123
0.2392156862745098,0.06317138671875,0.0721435546875,0.27499999999999997,0.0,0.0,0.22499999999999998,0.23571428571428577,0.17142857142857146,0.32142857142857123
0.24117647058823524,0.06402587890625,0.07305908203125,0.27499999999999997,0.0,0.0,0.22499999999999998,0.23571428571428577,0.17142857142857146,0.32857142857142835
0.24313725490196075,0.06494140625,0.07403564453125,0.27499999999999997,0.0,0.0,0.22499999999999998,0.2428571428571429,0.17142857142857146,0.32857142857142835
0.2450980392156862,0.0657958984375,0.074951171875,0.27499999999999997,0.0,0.0,0.22499999999999998,0.2428571428571429,0.1785714285714286,0.32857142857142835
0.24705882352941172,0.06671142578125,0.07586669921875,0.27499999999999997,0.0,0.0,0.22499999999999998,0.2428571428571429,0.18571428571428575,0.32857142857142835
0.24901960784313723,0.067626953125,0.07684326171875,0.27499999999999997,0.0,0.0,0.22499999999999998,0.25000000000000006,0.18571428571428575,0.32857142857142835
0.2509803921568627,0.06854248046875,0.07781982421875,0.27499999999999997,0.0,0.0,0.22499999999999998,0.25000000000000006,0.18571428571428575,0.33571428571428547
0.2529411764705882,0.06939697265625,0.0787353515625,0.27499999999999997,0.0,0.0,0.22499999999999998,0.25000000000000006,0.18571428571428575,0.3428571428571426
0.25490196078431365,0.07037353515625,0.0797119140625,0.3,0.0,0.0,0.22499999999999998,0.25000000000000006,0.18571428571428575,0.3428571428571426
0.2568627450980392,0.0712890625,0.0806884765625,0.3,0.0,0.0,0.22499999999999998,0.2571428571428572,0.18571428571428575,0.3428571428571426
0.2588235294117646,0.07220458984375,0.0816650390625,0.3,0.0,0.0,0.22499999999999998,0.2571428571428572,0.1928571428571429,0.3428571428571426
0.26078431372549016,0.0731201171875,0.08270263671875,0.3,0.0,0.0,0.22499999999999998,0.2571428571428572,0.1928571428571429,0.3499999999999997
0.26274509803921564,0.0740966796875,0.08367919921875,0.3,0.0,0.0,0.24999999999999997,0.2571428571428572,0.1928571428571429,0.3499999999999997
0.2647058823529411,0.07501220703125,0.08465576171875,0.3,0.0,0.0,0.24999999999999997,0.2571428571428572,0.20000000000000004,0.3499999999999997
0.2666666666666666,0.07598876953125,0.08563232421875,0.3,0.0,0.0,0.24999999999999997,0.2642857142857143,0.20000000000000004,0.3499999999999997
0.2686274509803921,0.076904296875,0.086669921875,0.3,0.0,0.0,0.24999999999999997,0.2642857142857143,0.20000000000000004,0.3571428571428568
0.2705882352941176,0.07781982421875,0.087646484375,0.3,0.0,0.0,0.24999999999999997,0.2714285714285714,0.20000000000000004,0.3571428571428568
0.27254901960784306,0.07879638671875,0.08868408203125,0.3,0.0,0.0,0.24999999999999997,0.2714285714285714,0.20714285714285718,0.3571428571428568
0.27450980392156854,0.07977294921875,0.08966064453125,0.3,0.0,0.0,0.24999999999999997,0.2714285714285714,0.20714285714285718,0.36428571428571394
0.276470588235294,0.08074951171875,0.09075927734375,0.325,0.0,0.0,0.24999999999999997,0.2714285714285714,0.20714285714285718,0.36428571428571394
0.2784313725490195,0.081787109375,0.091796875,0.325,0.2,0.0,0.24999999999999997,0.2714285714285714,0.20714285714285718,0.36428571428571394
0.280392156862745,0.082763671875,0.09283447265625,0.325,0.2,0.0,0.24999999999999997,0.2714285714285714,0.21428571428571433,0.36428571428571394
0.2823529411764705,0.083740234375,0.0938720703125,0.325,0.2,0.0,0.24999999999999997,0.2785714285714285,0.21428571428571433,0.36428571428571394
0.28431372549019596,0.084716796875,0.09490966796875,0.325,0.2,0.0,0.24999999999999997,0.28571428571428564,0.21428571428571433,0.36428571428571394
0.28627450980392144,0.085693359375,0.095947265625,0.325,0.2,0.0,0.24999999999999997,0.28571428571428564,0.21428571428571433,0.37142857142857105
0.2882352941176469,0.086669921875,0.0970458984375,0.325,0.2,0.0,0.24999999999999997,0.28571428571428564,0.21428571428571433,0.37857142857142817
0.2901960784313724,0.08770751953125,0.09814453125,0.325,0.2,0.0,0.27499999999999997,0.28571428571428564,0.21428571428571433,0.37857142857142817
0.29215686274509794,0.0887451171875,0.0992431640625,0.325,0.2,0.0,0.27499999999999997,0.29285714285714276,0.21428571428571433,0.37857142857142817
0.2941176470588234,0.0897216796875,0.100341796875,0.325,0.2,0.0,0.27499999999999997,0.29285714285714276,0.22142857142857147,0.37857142857142817
0.2960784313725489,0.0906982421875,0.10150146484375,0.325,0.2,0.0,0.27499999999999997,0.29285714285714276,0.22142857142857147,0.3857142857142853
0.29803921568627434,0.09173583984375,0.1025390625,0.325,0.2,0.0,0.27499999999999997,0.2999999999999999,0.22142857142857147,0.3857142857142853
0.2999999999999999,0.09271240234375,0.1036376953125,0.325,0.2,0.0,0.27499999999999997,0.2999999999999999,0.22857142857142862,0.3857142857142853
0.3019607843137253,0.09375,0.104736328125,0.325,0.2,0.0,0.27499999999999997,0.2999999999999999,0.22857142857142862,0.3928571428571424
0.30392156862745084,0.09478759765625,0.10595703125,0.325,0.2,0.0,0.27499999999999997,0.307142857142857,0.22857142857142862,0.3928571428571424
0.30588235294117627,0.0958251953125,0.1070556640625,0.325,0.2,0.0,0.27499999999999997,0.307142857142857,0.22857142857142862,0.3999999999999995
0.3078431372549018,0.09686279296875,0.10809326171875,0.325,0.2,0.0,0.27499999999999997,0.307142857142857,0.23571428571428577,0.3999999999999995
0.30980392156862735,0.097900390625,0.1092529296875,0.35000000000000003,0.2,0.0,0.27499999999999997,0.307142857142857,0.23571428571428577,0.3999999999999995
0.3117647058823528,0.0989990234375,0.11041259765625,0.35000000000000003,0.2,0.0,0.27499999999999997,0.3142857142857141,0.23571428571428577,0.3999999999999995
0.3137254901960783,0.10003662109375,0.11163330078125,0.35000000000000003,0.2,0.0,0.27499999999999997,0.3142857142857141,0.23571428571428577,0.40714285714285664
0.31568627450980374,0.10113525390625,0.11273193359375,0.35000000000000003,0.2,0.0,0.27499999999999997,0.32142857142857123,0.23571428571428577,0.40714285714285664
0.3176470588235293,0.10223388671875,0.11395263671875,0.35000000000000003,0.2,0.0,0.27499999999999997,0.32142857142857123,0.2428571428571429,0.40714285714285664
0.3196078431372547,0.103271484375,0.11505126953125,0.35000000000000003,0.2,0.0,0.27499999999999997,0.32142857142857123,0.2428571428571429,0.41428571428571376
0.32156862745098025,0.1043701171875,0.1162109375,0.35000000000000003,0.2,0.0,0.27499999999999997,0.32142857142857123,0.25000000000000006,0.41428571428571376
0.32352941176470573,0.10546875,0.117431640625,0.35000000000000003,0.2,0.0,0.3,0.32142857142857123,0.25000000000000006,0.41428571428571376
0.3254901960784312,0.1065673828125,0.11859130859375,0.35000000000000003,0.2,0.0,0.3,0.32857142857142835,0.25000000000000006,0.41428571428571376
0.32745098039215664,0.107666015625,0.119873046875,0.35000000000000003,0.2,0.0,0.3,0.32857142857142835,0.25000000000000006,0.4214285714285709
0.3294117647058822,0.1087646484375,0.1209716796875,0.35000000000000003,0.2,0.2,0.3,0.32857142857142835,0.25000000000000006,0.4214285714285709
0.3313725490196076,0.10986328125,0.1221923828125,0.35000000000000003,0.2,0.2,0.3,0.32857142857142835,0.2571428571428572,0.4214285714285709
0.33333333333333315,0.11102294921875,0.1234130859375,0.37500000000000006,0.2,0.2,0.3,0.32857142857142835,0.2571428571428572,0.4214285714285709
0.33529411764705863,0.11212158203125,0.1246337890625,0.37500000000000006,0.2,0.2,0.3,0.33571428571428547,0.2571428571428572,0.4214285714285709
0.3372549019607841,0.11322021484375,0.1258544921875,0.37500000000000006,0.2,0.2,0.3,0.33571428571428547,0.2571428571428572,0.428571428571428
0.3392156862745096,0.11431884765625,0.127197265625,0.37500000000000006,0.2,0.2,0.3,0.33571428571428547,0.2571428571428572,0.4357142857142851
0.3411764705882351,0.115478515625,0.12841796875,0.37500000000000006,0.2,0.2,0.3,0.3428571428571426,0.2571428571428572,0.4357142857142851
0.34313725490196056,0.1165771484375,0.129638671875,0.37500000000000006,0.2,0.2,0.3,0.3428571428571426,0.2642857142857143,0.4357142857142851
0.34509803921568605,0.11773681640625,0.130859375,0.37500000000000006,0.2,0.2,0.3,0.3499999999999997,0.2642857142857143,0.4357142857142851
0.34705882352941153,0.118896484375,0.132080078125,0.37500000000000006,0.2,0.2,0.3,0.3499999999999997,0.2714285714285714,0.4357142857142851
0.349019607843137,0.12005615234375,0.1334228515625,0.37500000000000006,0.2,0.2,0.3,0.3571428571428568,0.2714285714285714,0.4357142857142851
0.3509803921568625,0.1212158203125,0.134765625,0.37500000000000006,0.2,0.2,0.3,0.3571428571428568,0.2714285714285714,0.4428571428571422
0.352941176470588,0.12237548828125,0.135986328125,0.37500000000000006,0.2,0.2,0.3,0.3571428571428568,0.2714285714285714,0.44999999999999934
0.35490196078431346,0.12359619140625,0.1373291015625,0.37500000000000006,0.2,0.2,0.3,0.3571428571428568,0.2785714285714285,0.44999999999999934
0.35686274509803895,0.124755859375,0.1385498046875,0.37500000000000006,0.2,0.2,0.3,0.3571428571428568,0.2785714285714285,0.45714285714285646
0.35882352941176443,0.1259765625,0.139892578125,0.4000000000000001,0.2,0.2,0.3,0.3571428571428568,0.2785714285714285,0.45714285714285646
0.36078431372548997,0.127197265625,0.14111328125,0.4000000000000001,0.2,0.2,0.325,0.3571428571428568,0.2785714285714285,0.45714285714285646
0.3627450980392154,0.12841796875,0.1424560546875,0.4000000000000001,0.2,0.2,0.325,0.36428571428571394,0.2785714285714285,0.45714285714285646
0.36470588235294094,0.129638671875,0.143798828125,0.4000000000000001,0.2,0.2,0.325,0.37142857142857105,0.2785714285714285,0.45714285714285646
0.36666666666666636,0.130859375,0.1451416015625,0.4000000000000001,0.2,0.2,0.325,0.37857142857142817,0.2785714285714285,0.45714285714285646
0.3686274509803919,0.132080078125,0.146484375,0.4000000000000001,0.2,0.2,0.325,0.37857142857142817,0.28571428571428564,0.45714285714285646
0.37058823529411733,0.13330078125,0.147705078125,0.4000000000000001,0.2,0.2,0.325,0.37857142857142817,0.29285714285714276,0.45714285714285646
0.3725490196078428,0.1343994140625,0.1490478515625,0.4000000000000001,0.2,0.2,0.325,0.37857142857142817,0.29285714285714276,0.4642857142857136
0.3745098039215683,0.1357421875,0.150390625,0.4000000000000001,0.2,0.2,0.325,0.3857142857142853,0.29285714285714276,0.4642857142857136
0.3764705882352938,0.136962890625,0.15185546875,0.4000000000000001,0.2,0.2,0.325,0.3857142857142853,0.2999999999999999,0.4642857142857136
0.37843137254901926,0.13818359375,0.1531982421875,0.4000000000000001,0.2,0.2,0.325,0.3857142857142853,0.2999999999999999,0.4714285714285707
0.38039215686274475,0.139404296875,0.154541015625,0.4000000000000001,0.2,0.2,0.325,0.3857142857142853,0.2999999999999999,0.4785714285714278
0.38235294117647023,0.1407470703125,0.156005859375,0.4250000000000001,0.2,0.2,0.325,0.3857142857142853,0.2999999999999999,0.4785714285714278
0.3843137254901957,0.1419677734375,0.1573486328125,0.4250000000000001,0.2,0.2,0.325,0.3857142857142853,0.307142857142857,0.4785714285714278
0.3862745098039212,0.143310546875,0.15869140625,0.4250000000000001,0.2,0.2,0.35000000000000003,0.3857142857142853,0.307142857142857,0.4785714285714278
0.3882352941176467,0.1446533203125,0.16015625,0.4250000000000001,0.2,0.2,0.35000000000000003,0.3928571428571424,0.307142857142857,0.4785714285714278
0.39019607843137216,0.1458740234375,0.16162109375,0.4250000000000001,0.2,0.2,0.35000000000000003,0.3928571428571424,0.307142857142857,0.48571428571428493
0.3921568627450977,0.147216796875,0.1629638671875,0.4250000000000001,0.2,0.2,0.35000000000000003,0.3999999999999995,0.307142857142857,0.48571428571428493
0.39411764705882313,0.1485595703125,0.16455078125,0.4250000000000001,0.2,0.2,0.35000000000000003,0.40714285714285664,0.307142857142857,0.48571428571428493
0.39607843137254867,0.14990234375,0.1658935546875,0.4250000000000001,0.2,0.2,0.35000000000000003,0.40714285714285664,0.3142857142857141,0.48571428571428493
0.3980392156862741,0.151123046875,0.1673583984375,0.4250000000000001,0.2,0.2,0.35000000000000003,0.40714285714285664,0.32142857142857123,0.48571428571428493
0.3999999999999996,0.1524658203125,0.1688232421875,0.4250000000000001,0.2,0.2,0.35000000000000003,0.40714285714285664,0.32142857142857123,0.49285714285714205
0.40196078431372506,0.15380859375,0.1702880859375,0.4500000000000001,0.2,0.2,0.35000000000000003,0.40714285714285664,0.32142857142857123,0.49285714285714205
0.4039215686274506,0.1551513671875,0.1717529296875,0.4500000000000001,0.2,0.2,0.35000000000000003,0.40714285714285664,0.32142857142857123,0.49999999999999917
0.40588235294117603,0.156494140625,0.17333984375,0.4500000000000001,0.2,0.2,0.35000000000000003,0.41428571428571376,0.32142857142857123,0.49999999999999917
0.40784313725490157,0.1578369140625,0.1748046875,0.4500000000000001,0.2,0.2,0.35000000000000003,0.41428571428571376,0.32857142857142835,0.49999999999999917
0.409803921568627,0.1591796875,0.17626953125,0.4500000000000001,0.2,0.2,0.35000000000000003,0.41428571428571376,0.32857142857142835,0.5071428571428563
0.41176470588235253,0.16064453125,0.177734375,0.4500000000000001,0.2,0.2,0.35000000000000003,0.4214285714285709,0.32857142857142835,0.5071428571428563
0.413725490196078,0.1619873046875,0.17919921875,0.4500000000000001,0.2,0.2,0.35000000000000003,0.428571428571428,0.32857142857142835,0.5071428571428563
0.41568627450980344,0.1634521484375,0.1807861328125,0.4500000000000001,0.2,0.2,0.35000000000000003,0.428571428571428,0.33571428571428547,0.5071428571428563
0.4176470588235289,0.164794921875,0.182373046875,0.4500000000000001,0.2,0.2,0.35000000000000003,0.428571428571428,0.3428571428571426,0.5071428571428563
0.41960784313725447,0.1661376953125,0.183837890625,0.4500000000000001,0.2,0.2,0.35000000000000003,0.428571428571428,0.3428571428571426,0.5142857142857135
0.42156862745097995,0.16748046875,0.1854248046875,0.4500000000000001,0.2,0.2,0.35000000000000003,0.428571428571428,0.3428571428571426,0.5214285714285706
0.4235294117647055,0.1689453125,0.1868896484375,0.4500000000000001,0.2,0.2,0.37500000000000006,0.428571428571428,0.3428571428571426,0.5214285714285706
0.42549019607843086,0.1702880859375,0.1884765625,0.4500000000000001,0.2,0.2,0.37500000000000006,0.428571428571428,0.3499999999999997,0.5214285714285706
0.4274509803921564,0.1717529296875,0.1900634765625,0.4500000000000001,0.2,0.2,0.37500000000000006,0.4357142857142851,0.3499999999999997,0.5214285714285706
0.4294117647058819,0.1732177734375,0.191650390625,0.4500000000000001,0.2,0.2,0.37500000000000006,0.4357142857142851,0.3571428571428568,0.5214285714285706
0.4313725490196074,0.1746826171875,0.1932373046875,0.47500000000000014,0.2,0.2,0.37500000000000006,0.4357142857142851,0.3571428571428568,0.5214285714285706
0.4333333333333328,0.1761474609375,0.19482421875,0.47500000000000014,0.2,0.2,0.37500000000000006,0.4428571428571422,0.3571428571428568,0.5214285714285706
0.43529411764705833,0.1776123046875,0.1964111328125,0.47500000000000014,0.2,0.2,0.37500000000000006,0.4428571428571422,0.3571428571428568,0.5285714285714277
0.4372549019607838,0.1790771484375,0.1981201171875,0.47500000000000014,0.2,0.2,0.37500000000000006,0.44999999999999934,0.3571428571428568,0.5285714285714277
0.43921568627450935,0.1805419921875,0.19970703125,0.47500000000000014,0.2,0.2,0.37500000000000006,0.44999999999999934,0.3571428571428568,0.5357142857142848
0.4411764705882347,0.1820068359375,0.2012939453125,0.47500000000000014,0.2,0.2,0.37500000000000006,0.44999999999999934,0.36428571428571394,0.5357142857142848
0.44313725490196026,0.1834716796875,0.202880859375,0.47500000000000014,0.2,0.2,0.37500000000000006,0.44999999999999934,0.37142857142857105,0.5357142857142848
0.44509803921568575,0.1849365234375,0.2044677734375,0.47500000000000014,0.2,0.2,0.37500000000000006,0.44999999999999934,0.37142857142857105,0.5428571428571419
0.4470588235294113,0.1865234375,0.2061767578125,0.47500000000000014,0.2,0.2,0.4000000000000001,0.44999999999999934,0.37142857142857105,0.5428571428571419
0.4490196078431367,0.18798828125,0.207763671875,0.47500000000000014,0.2,0.2,0.4000000000000001,0.45714285714285646,0.37142857142857105,0.5428571428571419
0.4509803921568622,0.189453125,0.20947265625,0.47500000000000014,0.2,0.2,0.4000000000000001,0.45714285714285646,0.37857142857142817,0.5428571428571419
0.4529411764705877,0.1910400390625,0.211181640625,0.47500000000000014,0.2,0.2,0.4000000000000001,0.4642857142857136,0.37857142857142817,0.5428571428571419
0.4549019607843132,0.1925048828125,0.212890625,0.47500000000000014,0.2,0.2,0.4000000000000001,0.4642857142857136,0.37857142857142817,0.549999999999999
0.4568627450980386,0.194091796875,0.2144775390625,0.47500000000000014,0.2,0.2,0.4000000000000001,0.4714285714285707,0.37857142857142817,0.549999999999999
0.45882352941176413,0.1956787109375,0.2161865234375,0.47500000000000014,0.2,0.2,0.4000000000000001,0.4714285714285707,0.3857142857142853,0.549999999999999
0.4607843137254896,0.1971435546875,0.2178955078125,0.47500000000000014,0.2,0.2,0.4000000000000001,0.4714285714285707,0.3857142857142853,0.5571428571428562
0.46274509803921515,0.19873046875,0.2196044921875,0.5000000000000001,0.2,0.2,0.4000000000000001,0.4714285714285707,0.3857142857142853,0.5571428571428562
0.4647058823529406,0.2003173828125,0.221435546875,0.5000000000000001,0.2,0.2,0.4000000000000001,0.4785714285714278,0.3857142857142853,0.5571428571428562
0.46666666666666606,0.201904296875,0.22314453125,0.5000000000000001,0.2,0.2,0.4000000000000001,0.4785714285714278,0.3928571428571424,0.5571428571428562
0.46862745098039155,0.203369140625,0.224853515625,0.5000000000000001,0.2,0.2,0.4000000000000001,0.4785714285714278,0.3928571428571424,0.5642857142857133
0.4705882352941171,0.2049560546875,0.2266845703125,0.5000000000000001,0.2,0.2,0.4000000000000001,0.4785714285714278,0.3999999999999995,0.5642857142857133
0.4725490196078426,0.2066650390625,0.228271484375,0.5000000000000001,0.2,0.2,0.4250000000000001,0.4785714285714278,0.3999999999999995,0.5642857142857133
0.474509803921568,0.2083740234375,0.2301025390625,0.5000000000000001,0.2,0.2,0.4250000000000001,0.48571428571428493,0.3999999999999995,0.5642857142857133
0.4764705882352935,0.2099609375,0.23193359375,0.5000000000000001,0.2,0.2,0.4250000000000001,0.48571428571428493,0.40714285714285664,0.5642857142857133
0.478431372549019,0.2115478515625,0.233642578125,0.5000000000000001,0.2,0.2,0.4250000000000001,0.48571428571428493,0.40714285714285664,0.5714285714285704
0.48039215686274456,0.213134765625,0.235595703125,0.5000000000000001,0.2,0.2,0.4250000000000001,0.48571428571428493,0.40714285714285664,0.5785714285714275
0.48235294117646993,0.21484375,0.2373046875,0.5000000000000001,0.2,0.2,0.4250000000000001,0.49285714285714205,0.40714285714285664,0.5785714285714275
0.4843137254901954,0.2164306640625,0.2391357421875,0.5000000000000001,0.2,0.2,0.4250000000000001,0.49285714285714205,0.41428571428571376,0.5785714285714275
0.48627450980392095,0.218017578125,0.240966796875,0.5000000000000001,0.2,0.2,0.4250000000000001,0.49285714285714205,0.41428571428571376,0.5857142857142846
0.4882352941176464,0.2197265625,0.2427978515625,0.5000000000000001,0.2,0.2,0.4250000000000001,0.49999999999999917,0.41428571428571376,0.5857142857142846
0.4901960784313719,0.2213134765625,0.2447509765625,0.5000000000000001,0.2,0.2,0.4250000000000001,0.49999999999999917,0.4214285714285709,0.5857142857142846
0.49215686274509735,0.2230224609375,0.24658203125,0.5250000000000001,0.2,0.2,0.4250000000000001,0.49999999999999917,0.4214285714285709,0.5857142857142846
0.4941176470588229,0.2247314453125,0.2484130859375,0.5250000000000001,0.2,0.2,0.4250000000000001,0.5071428571428563,0.4214285714285709,0.5857142857142846
0.4960784313725484,0.2264404296875,0.250244140625,0.5250000000000001,0.2,0.2,0.4250000000000001,0.5071428571428563,0.428571428571428,0.5857142857142846
0.4980392156862739,0.2281494140625,0.252197265625,0.5250000000000001,0.2,0.2,0.4250000000000001,0.5071428571428563,0.428571428571428,0.5928571428571418
0.4999999999999993,0.2298583984375,0.25390625,0.5250000000000001,0.2,0.2,0.4250000000000001,0.5071428571428563,0.4357142857142851,0.5928571428571418
0.5019607843137248,0.2315673828125,0.256103515625,0.5250000000000001,0.2,0.2,0.4250000000000001,0.5071428571428563,0.4357142857142851,0.5999999999999989
0.5039215686274503,0.2333984375,0.2578125,0.5500000000000002,0.2,0.2,0.4250000000000001,0.5071428571428563,0.4357142857142851,0.5999999999999989
0.5058823529411758,0.2352294921875,0.259765625,0.5500000000000002,0.2,0.2,0.4250000000000001,0.5142857142857135,0.4357142857142851,0.5999999999999989
0.5078431372549013,0.2369384765625,0.26171875,0.5500000000000002,0.2,0.2,0.4250000000000001,0.5214285714285706,0.4357142857142851,0.5999999999999989
0.5098039215686268,0.2386474609375,0.263671875,0.5500000000000002,0.2,0.2,0.4250000000000001,0.5214285714285706,0.4428571428571422,0.5999999999999989
0.5117647058823522,0.2403564453125,0.265625,0.5500000000000002,0.2,0.2,0.4250000000000001,0.5214285714285706,0.4428571428571422,0.607142857142856
0.5137254901960778,0.2421875,0.267578125,0.5500000000000002,0.2,0.2,0.4500000000000001,0.5214285714285706,0.4428571428571422,0.607142857142856
0.5156862745098032,0.243896484375,0.26953125,0.5500000000000002,0.2,0.2,0.4500000000000001,0.5214285714285706,0.4428571428571422,0.6142857142857131
0.5176470588235287,0.2457275390625,0.271484375,0.5500000000000002,0.2,0.2,0.4500000000000001,0.5285714285714277,0.4428571428571422,0.6142857142857131
0.5196078431372542,0.2474365234375,0.2734375,0.5500000000000002,0.2,0.2,0.4500000000000001,0.5285714285714277,0.44999999999999934,0.6142857142857131
0.5215686274509796,0.2491455078125,0.275634765625,0.5500000000000002,0.2,0.2,0.4500000000000001,0.5285714285714277,0.45714285714285646,0.6142857142857131
0.5235294117647051,0.2509765625,0.277587890625,0.5500000000000002,0.2,0.2,0.4500000000000001,0.5357142857142848,0.45714285714285646,0.6142857142857131
0.5254901960784306,0.2529296875,0.279541015625,0.5500000000000002,0.2,0.2,0.4500000000000001,0.5428571428571419,0.45714285714285646,0.6142857142857131
0.5274509803921561,0.254638671875,0.281494140625,0.5500000000000002,0.2,0.2,0.4500000000000001,0.5428571428571419,0.45714285714285646,0.6214285714285702
0.5294117647058817,0.256591796875,0.28369140625,0.5500000000000002,0.2,0.2,0.47500000000000014,0.5428571428571419,0.45714285714285646,0.6214285714285702
0.5313725490196071,0.258544921875,0.28564453125,0.5500000000000002,0.2,0.2,0.47500000000000014,0.5428571428571419,0.4642857142857136,0.6214285714285702
0.5333333333333325,0.26025390625,0.287841796875,0.5500000000000002,0.2,0.2,0.47500000000000014,0.5428571428571419,0.4714285714285707,0.6214285714285702
0.535294117647058,0.26220703125,0.2900390625,0.5500000000000002,0.2,0.2,0.47500000000000014,0.549999999999999,0.4714285714285707,0.6214285714285702
0.5372549019607836,0.263916015625,0.2919921875,0.5500000000000002,0.2,0.2,0.47500000000000014,0.549999999999999,0.4714285714285707,0.6285714285714273
0.539215686274509,0.265869140625,0.294189453125,0.5500000000000002,0.2,0.2,0.47500000000000014,0.5571428571428562,0.4714285714285707,0.6285714285714273
0.5411764705882346,0.267822265625,0.29638671875,0.5500000000000002,0.2,0.2,0.47500000000000014,0.5642857142857133,0.4714285714285707,0.6285714285714273
0.54313725490196,0.269775390625,0.29833984375,0.5500000000000002,0.2,0.2,0.47500000000000014,0.5642857142857133,0.4785714285714278,0.6285714285714273
0.5450980392156854,0.271728515625,0.300537109375,0.5750000000000002,0.2,0.2,0.47500000000000014,0.5642857142857133,0.4785714285714278,0.6285714285714273
0.5470588235294109,0.273681640625,0.302734375,0.5750000000000002,0.2,0.2,0.47500000000000014,0.5714285714285704,0.4785714285714278,0.6285714285714273
0.5490196078431365,0.275634765625,0.3046875,0.5750000000000002,0.2,0.2,0.47500000000000014,0.5714285714285704,0.48571428571428493,0.6285714285714273
0.5509803921568619,0.277587890625,0.306884765625,0.5750000000000002,0.2,0.2,0.47500000000000014,0.5714285714285704,0.49285714285714205,0.6285714285714273
0.5529411764705875,0.279296875,0.30908203125,0.5750000000000002,0.2,0.2,0.47500000000000014,0.5714285714285704,0.49285714285714205,0.6357142857142845
0.5549019607843129,0.28125,0.311279296875,0.5750000000000002,0.2,0.2,0.47500000000000014,0.5714285714285704,0.49285714285714205,0.6428571428571416
0.5568627450980385,0.283203125,0.3134765625,0.6000000000000002,0.2,0.2,0.47500000000000014,0.5714285714285704,0.49285714285714205,0.6428571428571416
0.5588235294117638,0.28515625,0.315673828125,0.6000000000000002,0.2,0.2,0.47500000000000014,0.5714285714285704,0.49999999999999917,0.6428571428571416
0.5607843137254894,0.287109375,0.31787109375,0.6000000000000002,0.2,0.2,0.47500000000000014,0.5714285714285704,0.49999999999999917,0.6499999999999987
0.5627450980392149,0.2890625,0.320068359375,0.6000000000000002,0.2,0.2,0.47500000000000014,0.5714285714285704,0.5071428571428563,0.6499999999999987
0.5647058823529404,0.291015625,0.322265625,0.6000000000000002,0.2,0.2,0.47500000000000014,0.5714285714285704,0.5071428571428563,0.6571428571428558
0.5666666666666658,0.29296875,0.324462890625,0.6000000000000002,0.2,0.2,0.47500000000000014,0.5785714285714275,0.5071428571428563,0.6571428571428558
0.5686274509803914,0.294921875,0.32666015625,0.6000000000000002,0.2,0.2,0.47500000000000014,0.5785714285714275,0.5071428571428563,0.6642857142857129
0.5705882352941168,0.297119140625,0.3291015625,0.6000000000000002,0.2,0.2,0.5000000000000001,0.5785714285714275,0.5071428571428563,0.6642857142857129
0.5725490196078423,0.299072265625,0.331298828125,0.6000000000000002,0.2,0.2,0.5000000000000001,0.5857142857142846,0.5071428571428563,0.6642857142857129
0.5745098039215677,0.301025390625,0.333740234375,0.6000000000000002,0.2,0.2,0.5000000000000001,0.5857142857142846,0.5142857142857135,0.6642857142857129
0.5764705882352933,0.30322265625,0.3359375,0.6000000000000002,0.2,0.2,0.5000000000000001,0.5928571428571418,0.5142857142857135,0.6642857142857129
0.5784313725490188,0.30517578125,0.338623046875,0.6000000000000002,0.2,0.2,0.5000000000000001,0.5928571428571418,0.5214285714285706,0.6642857142857129
0.5803921568627443,0.30712890625,0.340576171875,0.6000000000000002,0.2,0.2,0.5000000000000001,0.5928571428571418,0.5214285714285706,0.67142857142857
0.5823529411764697,0.309326171875,0.343017578125,0.6000000000000002,0.2,0.2,0.5000000000000001,0.5999999999999989,0.5214285714285706,0.67142857142857
0.5843137254901952,0.3115234375,0.345458984375,0.6000000000000002,0.2,0.2,0.5000000000000001,0.607142857142856,0.5214285714285706,0.67142857142857
0.5862745098039206,0.313720703125,0.34765625,0.6000000000000002,0.2,0.2,0.5000000000000001,0.607142857142856,0.5285714285714277,0.67142857142857
0.5882352941176462,0.315673828125,0.35009765625,0.6000000000000002,0.2,0.2,0.5000000000000001,0.607142857142856,0.5357142857142848,0.67142857142857
0.5901960784313717,0.31787109375,0.352294921875,0.6000000000000002,0.2,0.2,0.5000000000000001,0.607142857142856,0.5428571428571419,0.67142857142857
0.5921568627450972,0.31982421875,0.35498046875,0.6000000000000002,0.2,0.2,0.5000000000000001,0.607142857142856,0.5428571428571419,0.6785714285714272
0.5941176470588226,0.32177734375,0.357177734375,0.6000000000000002,0.2,0.2,0.5000000000000001,0.607142857142856,0.5428571428571419,0.6857142857142843
0.5960784313725481,0.323974609375,0.359619140625,0.6000000000000002,0.2,0.2,0.5250000000000001,0.607142857142856,0.5428571428571419,0.6857142857142843
0.5980392156862735,0.326171875,0.362060546875,0.6000000000000002,0.2,0.2,0.5250000000000001,0.607142857142856,0.5428571428571419,0.6928571428571414
0.5999999999999991,0.328369140625,0.364501953125,0.6000000000000002,0.2,0.2,0.5250000000000001,0.607142857142856,0.5428571428571419,0.6999999999999985
0.6019607843137246,0.330810546875,0.366943359375,0.6250000000000002,0.2,0.2,0.5250000000000001,0.607142857142856,0.5428571428571419,0.6999999999999985
0.6039215686274501,0.3330078125,0.369384765625,0.6250000000000002,0.2,0.2,0.5250000000000001,0.6142857142857131,0.5428571428571419,0.6999999999999985
0.6058823529411755,0.335205078125,0.371826171875,0.6250000000000002,0.2,0.2,0.5250000000000001,0.6214285714285702,0.5428571428571419,0.6999999999999985
0.607843137254901,0.33740234375,0.374267578125,0.6250000000000002,0.2,0.2,0.5250000000000001,0.6214285714285702,0.549999999999999,0.6999999999999985
0.6098039215686265,0.339599609375,0.376953125,0.6250000000000002,0.2,0.2,0.5250000000000001,0.6214285714285702,0.5571428571428562,0.6999999999999985
0.611764705882352,0.341796875,0.379150390625,0.6250000000000002,0.4,0.2,0.5250000000000001,0.6214285714285702,0.5571428571428562,0.6999999999999985
0.6137254901960774,0.343994140625,0.3818359375,0.6250000000000002,0.4,0.2,0.5250000000000001,0.6214285714285702,0.5571428571428562,0.7071428571428556
0.615686274509803,0.34619140625,0.38427734375,0.6250000000000002,0.4,0.2,0.5250000000000001,0.6214285714285702,0.5571428571428562,0.7142857142857127
0.6176470588235284,0.3486328125,0.38671875,0.6250000000000002,0.4,0.2,0.5250000000000001,0.6285714285714273,0.5571428571428562,0.7142857142857127
0.6196078431372539,0.350830078125,0.38916015625,0.6250000000000002,0.4,0.2,0.5250000000000001,0.6357142857142845,0.5571428571428562,0.7142857142857127
0.6215686274509794,0.35302734375,0.391845703125,0.6250000000000002,0.4,0.2,0.5250000000000001,0.6357142857142845,0.5642857142857133,0.7142857142857127
0.6235294117647049,0.355224609375,0.394287109375,0.6250000000000002,0.4,0.2,0.5250000000000001,0.6357142857142845,0.5714285714285704,0.7142857142857127
0.6254901960784304,0.357666015625,0.39697265625,0.6250000000000002,0.4,0.2,0.5500000000000002,0.6357142857142845,0.5714285714285704,0.7142857142857127
0.6274509803921559,0.360107421875,0.3994140625,0.6250000000000002,0.4,0.2,0.5500000000000002,0.6428571428571416,0.5714285714285704,0.7142857142857127
0.6294117647058814,0.3623046875,0.40234375,0.6250000000000002,0.4,0.2,0.5500000000000002,0.6428571428571416,0.5785714285714275,0.7142857142857127
0.6313725490196068,0.36474609375,0.40478515625,0.6250000000000002,0.4,0.2,0.5500000000000002,0.6499999999999987,0.5785714285714275,0.7142857142857127
0.6333333333333323,0.366943359375,0.407470703125,0.6250000000000002,0.4,0.2,0.5500000000000002,0.6499999999999987,0.5857142857142846,0.7142857142857127
0.6352941176470578,0.369384765625,0.409912109375,0.6250000000000002,0.4,0.2,0.5500000000000002,0.6571428571428558,0.5857142857142846,0.7142857142857127
0.6372549019607834,0.37158203125,0.41259765625,0.6250000000000002,0.4,0.2,0.5500000000000002,0.6571428571428558,0.5857142857142846,0.7214285714285699
0.6392156862745088,0.3740234375,0.415283203125,0.6250000000000002,0.4,0.2,0.5500000000000002,0.6571428571428558,0.5928571428571418,0.7214285714285699
0.6411764705882342,0.376220703125,0.41796875,0.6250000000000002,0.4,0.2,0.5500000000000002,0.6571428571428558,0.5928571428571418,0.728571428571427
0.6431372549019596,0.378662109375,0.42041015625,0.6500000000000002,0.4,0.2,0.5500000000000002,0.6571428571428558,0.5928571428571418,0.728571428571427
0.6450980392156853,0.381103515625,0.423095703125,0.6500000000000002,0.4,0.2,0.5500000000000002,0.6571428571428558,0.5999999999999989,0.728571428571427
0.6470588235294107,0.38330078125,0.42578125,0.6500000000000002,0.4,0.2,0.5500000000000002,0.6571428571428558,0.5999999999999989,0.7357142857142841
0.6490196078431362,0.3857421875,0.4287109375,0.6500000000000002,0.4,0.2,0.5500000000000002,0.6571428571428558,0.607142857142856,0.7357142857142841
0.6509803921568617,0.387939453125,0.431396484375,0.6500000000000002,0.4,0.2,0.5500000000000002,0.6571428571428558,0.6142857142857131,0.7357142857142841
0.652941176470587,0.390380859375,0.43408203125,0.6500000000000002,0.4,0.2,0.5500000000000002,0.6571428571428558,0.6142857142857131,0.7428571428571412
0.6549019607843126,0.392822265625,0.436767578125,0.6500000000000002,0.4,0.2,0.5500000000000002,0.6642857142857129,0.6142857142857131,0.7428571428571412
0.6568627450980381,0.395263671875,0.439697265625,0.6500000000000002,0.4,0.2,0.5500000000000002,0.6642857142857129,0.6214285714285702,0.7428571428571412
0.6588235294117636,0.39794921875,0.4423828125,0.6500000000000002,0.4,0.2,0.5750000000000002,0.6642857142857129,0.6214285714285702,0.7428571428571412
0.6607843137254892,0.400390625,0.4453125,0.6500000000000002,0.4,0.2,0.5750000000000002,0.67142857142857,0.6214285714285702,0.7428571428571412
0.6627450980392146,0.40283203125,0.447998046875,0.6500000000000002,0.4,0.2,0.5750000000000002,0.6785714285714272,0.6214285714285702,0.7428571428571412
0.66470588235294,0.4052734375,0.45068359375,0.6500000000000002,0.4,0.2,0.5750000000000002,0.6785714285714272,0.6285714285714273,0.7428571428571412
0.6666666666666655,0.40771484375,0.45361328125,0.6500000000000002,0.4,0.2,0.5750000000000002,0.6785714285714272,0.6285714285714273,0.7499999999999983
0.6686274509803909,0.41015625,0.456298828125,0.6500000000000002,0.4,0.2,0.5750000000000002,0.6785714285714272,0.6285714285714273,0.7571428571428555
0.6705882352941166,0.41259765625,0.459228515625,0.6500000000000002,0.4,0.2,0.5750000000000002,0.6785714285714272,0.6357142857142845,0.7571428571428555
0.672549019607842,0.415283203125,0.4619140625,0.6750000000000003,0.4,0.2,0.5750000000000002,0.6785714285714272,0.6357142857142845,0.7571428571428555
0.6745098039215675,0.41796875,0.46484375,0.6750000000000003,0.4,0.2,0.5750000000000002,0.6857142857142843,0.6357142857142845,0.7571428571428555
0.676470588235293,0.42041015625,0.4677734375,0.6750000000000003,0.4,0.2,0.5750000000000002,0.6857142857142843,0.6357142857142845,0.7642857142857126
0.6784313725490184,0.423095703125,0.470458984375,0.6750000000000003,0.4,0.2,0.5750000000000002,0.6928571428571414,0.6357142857142845,0.7642857142857126
0.6803921568627439,0.425537109375,0.473388671875,0.6750000000000003,0.4,0.2,0.5750000000000002,0.6928571428571414,0.6428571428571416,0.7642857142857126
0.6823529411764694,0.42822265625,0.476318359375,0.6750000000000003,0.4,0.2,0.5750000000000002,0.6999999999999985,0.6428571428571416,0.7642857142857126
0.684313725490195,0.430908203125,0.47900390625,0.6750000000000003,0.4,0.2,0.6000000000000002,0.6999999999999985,0.6428571428571416,0.7642857142857126
0.6862745098039204,0.43359375,0.482177734375,0.6750000000000003,0.4,0.2,0.6000000000000002,0.7071428571428556,0.6428571428571416,0.7642857142857126
0.6882352941176458,0.436279296875,0.485107421875,0.6750000000000003,0.4,0.2,0.6000000000000002,0.7071428571428556,0.6499999999999987,0.7642857142857126
0.6901960784313713,0.438720703125,0.48779296875,0.6750000000000003,0.4,0.2,0.6000000000000002,0.7071428571428556,0.6571428571428558,0.7642857142857126
0.6921568627450969,0.441162109375,0.49072265625,0.6750000000000003,0.4,0.2,0.6000000000000002,0.7071428571428556,0.6571428571428558,0.7714285714285697
0.6941176470588223,0.44384765625,0.49365234375,0.6750000000000003,0.4,0.2,0.6000000000000002,0.7071428571428556,0.6642857142857129,0.7714285714285697
0.6960784313725478,0.4462890625,0.496826171875,0.6750000000000003,0.4,0.2,0.6000000000000002,0.7071428571428556,0.6642857142857129,0.7785714285714268
0.6980392156862733,0.448974609375,0.499755859375,0.6750000000000003,0.4,0.2,0.6000000000000002,0.7071428571428556,0.67142857142857,0.7785714285714268
0.6999999999999988,0.45166015625,0.50244140625,0.6750000000000003,0.4,0.2,0.6000000000000002,0.7071428571428556,0.6785714285714272,0.7785714285714268
0.7019607843137243,0.454345703125,0.505859375,0.6750000000000003,0.4,0.4,0.6000000000000002,0.7071428571428556,0.6785714285714272,0.7785714285714268
0.7039215686274497,0.45703125,0.50830078125,0.6750000000000003,0.4,0.4,0.6000000000000002,0.7071428571428556,0.6857142857142843,0.7785714285714268
0.7058823529411752,0.459716796875,0.51123046875,0.6750000000000003,0.4,0.4,0.6000000000000002,0.7071428571428556,0.6857142857142843,0.7857142857142839
0.7078431372549008,0.46240234375,0.5146484375,0.7000000000000003,0.4,0.4,0.6000000000000002,0.7071428571428556,0.6857142857142843,0.7857142857142839
0.7098039215686262,0.465087890625,0.517578125,0.7000000000000003,0.4,0.4,0.6000000000000002,0.7142857142857127,0.6857142857142843,0.7857142857142839
0.7117647058823516,0.4677734375,0.5205078125,0.7000000000000003,0.4,0.4,0.6000000000000002,0.7142857142857127,0.6857142857142843,0.792857142857141
0.7137254901960771,0.470703125,0.5234375,0.7000000000000003,0.4,0.4,0.6250000000000002,0.7142857142857127,0.6857142857142843,0.792857142857141
0.7156862745098027,0.473388671875,0.5263671875,0.7000000000000003,0.4,0.4,0.6250000000000002,0.7214285714285699,0.6857142857142843,0.792857142857141
0.7176470588235282,0.47607421875,0.529296875,0.7000000000000003,0.4,0.4,0.6250000000000002,0.7214285714285699,0.6857142857142843,0.7999999999999982
0.7196078431372536,0.47900390625,0.53271484375,0.7000000000000003,0.4,0.4,0.6250000000000002,0.728571428571427,0.6857142857142843,0.7999999999999982
0.721568627450979,0.481689453125,0.53564453125,0.7000000000000003,0.4,0.4,0.6250000000000002,0.7357142857142841,0.6857142857142843,0.7999999999999982
0.7235294117647046,0.484375,0.5390625,0.7000000000000003,0.4,0.4,0.6250000000000002,0.7357142857142841,0.6928571428571414,0.7999999999999982
0.7254901960784301,0.487060546875,0.5419921875,0.7000000000000003,0.4,0.4,0.6250000000000002,0.7357142857142841,0.6999999999999985,0.7999999999999982
0.7274509803921556,0.48974609375,0.544921875,0.7000000000000003,0.4,0.4,0.6250000000000002,0.7357142857142841,0.6999999999999985,0.8071428571428553
0.729411764705881,0.49267578125,0.5478515625,0.7000000000000003,0.4,0.4,0.6250000000000002,0.7428571428571412,0.6999999999999985,0.8071428571428553
0.7313725490196066,0.495361328125,0.55126953125,0.7000000000000003,0.4,0.4,0.6250000000000002,0.7428571428571412,0.7071428571428556,0.8071428571428553
0.7333333333333321,0.498291015625,0.55419921875,0.7000000000000003,0.4,0.4,0.6250000000000002,0.7499999999999983,0.7071428571428556,0.8071428571428553
0.7352941176470575,0.5009765625,0.5576171875,0.7000000000000003,0.4,0.4,0.6250000000000002,0.7499999999999983,0.7142857142857127,0.8071428571428553
0.7372549019607829,0.50390625,0.560546875,0.7000000000000003,0.4,0.4,0.6250000000000002,0.7571428571428555,0.7142857142857127,0.8071428571428553
0.7392156862745085,0.5068359375,0.5634765625,0.7000000000000003,0.4,0.4,0.6250000000000002,0.7571428571428555,0.7214285714285699,0.8071428571428553
0.7411764705882339,0.50927734375,0.56640625,0.7000000000000003,0.4,0.4,0.6250000000000002,0.7571428571428555,0.7214285714285699,0.8142857142857124
0.7431372549019595,0.51220703125,0.5693359375,0.7000000000000003,0.4,0.4,0.6250000000000002,0.7571428571428555,0.728571428571427,0.8142857142857124
0.7450980392156848,0.51513671875,0.57275390625,0.7250000000000003,0.4,0.4,0.6250000000000002,0.7571428571428555,0.728571428571427,0.8142857142857124
0.7470588235294104,0.51806640625,0.57568359375,0.7250000000000003,0.4,0.4,0.6250000000000002,0.7642857142857126,0.728571428571427,0.8142857142857124
0.7490196078431359,0.52099609375,0.5791015625,0.7250000000000003,0.4,0.4,0.6250000000000002,0.7642857142857126,0.728571428571427,0.8214285714285695
0.7509803921568614,0.52392578125,0.58203125,0.7250000000000003,0.4,0.4,0.6500000000000002,0.7642857142857126,0.728571428571427,0.8214285714285695
0.7529411764705868,0.52685546875,0.58544921875,0.7250000000000003,0.4,0.4,0.6500000000000002,0.7714285714285697,0.728571428571427,0.8214285714285695
0.7549019607843124,0.52978515625,0.58837890625,0.7250000000000003,0.4,0.4,0.6500000000000002,0.7714285714285697,0.7357142857142841,0.8214285714285695
0.7568627450980379,0.53271484375,0.591796875,0.7250000000000003,0.4,0.4,0.6500000000000002,0.7714285714285697,0.7428571428571412,0.8214285714285695
0.7588235294117633,0.53515625,0.5947265625,0.7250000000000003,0.4,0.4,0.6500000000000002,0.7714285714285697,0.7428571428571412,0.8285714285714266
0.7607843137254887,0.5380859375,0.59765625,0.7250000000000003,0.4,0.4,0.6500000000000002,0.7714285714285697,0.7499999999999983,0.8285714285714266
0.7627450980392143,0.541015625,0.60107421875,0.7250000000000003,0.4,0.4,0.6500000000000002,0.7714285714285697,0.7571428571428555,0.8285714285714266
0.7647058823529398,0.5439453125,0.60400390625,0.7250000000000003,0.4,0.4,0.6500000000000002,0.7785714285714268,0.7571428571428555,0.8285714285714266
0.7666666666666652,0.546875,0.60693359375,0.7250000000000003,0.4,0.4,0.6500000000000002,0.7785714285714268,0.7571428571428555,0.8357142857142837
0.7686274509803906,0.5498046875,0.6103515625,0.7250000000000003,0.4,0.4,0.6750000000000003,0.7785714285714268,0.7571428571428555,0.8357142857142837
0.7705882352941162,0.552734375,0.61328125,0.7250000000000003,0.4,0.4,0.6750000000000003,0.7785714285714268,0.7571428571428555,0.8428571428571409
0.7725490196078417,0.5556640625,0.61669921875,0.7250000000000003,0.4,0.4,0.6750000000000003,0.7857142857142839,0.7571428571428555,0.8428571428571409
0.7745098039215672,0.55859375,0.61962890625,0.7250000000000003,0.4,0.4,0.6750000000000003,0.792857142857141,0.7571428571428555,0.8428571428571409
0.7764705882352926,0.5615234375,0.62255859375,0.7250000000000003,0.4,0.4,0.6750000000000003,0.792857142857141,0.7571428571428555,0.849999999999998
0.7784313725490182,0.564453125,0.6259765625,0.7250000000000003,0.4,0.4,0.6750000000000003,0.792857142857141,0.7642857142857126,0.849999999999998
0.7803921568627437,0.5673828125,0.62939453125,0.7250000000000003,0.4,0.4,0.6750000000000003,0.792857142857141,0.7714285714285697,0.849999999999998
0.782352941176469,0.5703125,0.63232421875,0.7250000000000003,0.4,0.4,0.6750000000000003,0.792857142857141,0.7785714285714268,0.849999999999998
0.7843137254901945,0.5732421875,0.63525390625,0.7250000000000003,0.4,0.4,0.6750000000000003,0.792857142857141,0.7785714285714268,0.8571428571428551
0.7862745098039201,0.576171875,0.638671875,0.7250000000000003,0.4,0.4,0.6750000000000003,0.7999999999999982,0.7785714285714268,0.8571428571428551
0.7882352941176456,0.5791015625,0.6416015625,0.7250000000000003,0.4,0.4,0.6750000000000003,0.7999999999999982,0.7857142857142839,0.8571428571428551
0.7901960784313711,0.58203125,0.64453125,0.7500000000000003,0.4,0.4,0.6750000000000003,0.7999999999999982,0.7857142857142839,0.8571428571428551
0.7921568627450964,0.5849609375,0.64794921875,0.7500000000000003,0.4,0.4,0.6750000000000003,0.8071428571428553,0.7857142857142839,0.8571428571428551
0.794117647058822,0.587890625,0.65087890625,0.7500000000000003,0.4,0.4,0.6750000000000003,0.8071428571428553,0.7857142857142839,0.8642857142857122
0.7960784313725475,0.5908203125,0.654296875,0.7500000000000003,0.4,0.4,0.6750000000000003,0.8071428571428553,0.792857142857141,0.8642857142857122
0.7980392156862729,0.59375,0.6572265625,0.7500000000000003,0.4,0.4,0.6750000000000003,0.8071428571428553,0.792857142857141,0.8714285714285693
0.7999999999999986,0.5966796875,0.66015625,0.7500000000000003,0.4,0.4,0.6750000000000003,0.8071428571428553,0.7999999999999982,0.8714285714285693
0.801960784313724,0.60009765625,0.6630859375,0.7500000000000003,0.4,0.4,0.7000000000000003,0.8071428571428553,0.7999999999999982,0.8714285714285693
0.8039215686274495,0.60302734375,0.66650390625,0.7500000000000003,0.4,0.4,0.7000000000000003,0.8142857142857124,0.7999999999999982,0.8714285714285693
0.8058823529411749,0.60595703125,0.66943359375,0.7500000000000003,0.4,0.4,0.7000000000000003,0.8214285714285695,0.7999999999999982,0.8714285714285693
0.8078431372549003,0.60888671875,0.67236328125,0.7500000000000003,0.4,0.4,0.7000000000000003,0.8285714285714266,0.7999999999999982,0.8714285714285693
0.809803921568626,0.61181640625,0.67578125,0.7500000000000003,0.4,0.4,0.7000000000000003,0.8285714285714266,0.8071428571428553,0.8714285714285693
0.8117647058823514,0.61474609375,0.67822265625,0.7500000000000003,0.4,0.4,0.7000000000000003,0.8357142857142837,0.8071428571428553,0.8714285714285693
0.8137254901960769,0.61767578125,0.681640625,0.7500000000000003,0.4,0.4,0.7000000000000003,0.8357142857142837,0.8142857142857124,0.8714285714285693
0.8156862745098025,0.62060546875,0.6845703125,0.7500000000000003,0.4,0.4,0.7000000000000003,0.8357142857142837,0.8214285714285695,0.8714285714285693
0.8176470588235278,0.62353515625,0.6875,0.7500000000000003,0.4,0.4,0.7000000000000003,0.8357142857142837,0.8214285714285695,0.8785714285714264
0.8196078431372533,0.62646484375,0.6904296875,0.7500000000000003,0.4,0.4,0.7000000000000003,0.8357142857142837,0.8285714285714266,0.8785714285714264
0.8215686274509788,0.62939453125,0.693359375,0.7500000000000003,0.4,0.4,0.7000000000000003,0.8357142857142837,0.8357142857142837,0.8785714285714264
0.8235294117647044,0.63232421875,0.69677734375,0.7500000000000003,0.4,0.4,0.7000000000000003,0.8357142857142837,0.8357142857142837,0.8857142857142836
0.8254901960784299,0.634765625,0.69970703125,0.7500000000000003,0.4,0.4,0.7000000000000003,0.8357142857142837,0.8357142857142837,0.8928571428571407
0.8274509803921553,0.6376953125,0.70263671875,0.7500000000000003,0.4,0.4,0.7000000000000003,0.8357142857142837,0.8357142857142837,0.8999999999999978
0.8294117647058806,0.640625,0.70556640625,0.7500000000000003,0.4,0.4,0.7000000000000003,0.8428571428571409,0.8357142857142837,0.8999999999999978
0.8313725490196063,0.6435546875,0.70849609375,0.7750000000000004,0.4,0.4,0.7000000000000003,0.8428571428571409,0.8357142857142837,0.8999999999999978
0.8333333333333317,0.646484375,0.71142578125,0.7750000000000004,0.4,0.4,0.7000000000000003,0.849999999999998,0.8357142857142837,0.8999999999999978
0.8352941176470573,0.6494140625,0.71435546875,0.7750000000000004,0.4,0.4,0.7250000000000003,0.849999999999998,0.8357142857142837,0.8999999999999978
0.8372549019607827,0.65234375,0.71728515625,0.7750000000000004,0.4,0.4,0.7250000000000003,0.8571428571428551,0.8357142857142837,0.8999999999999978
0.839215686274508,0.6552734375,0.72021484375,0.7750000000000004,0.4,0.4,0.7250000000000003,0.8571428571428551,0.8428571428571409,0.8999999999999978
0.8411764705882337,0.65771484375,0.72265625,0.7750000000000004,0.4,0.4,0.7250000000000003,0.8571428571428551,0.849999999999998,0.8999999999999978
0.8431372549019591,0.66064453125,0.7255859375,0.7750000000000004,0.4,0.4,0.7250000000000003,0.8642857142857122,0.849999999999998,0.8999999999999978
0.8450980392156845,0.66357421875,0.728515625,0.7750000000000004,0.4,0.4,0.7250000000000003,0.8714285714285693,0.849999999999998,0.8999999999999978
0.84705882352941,0.666015625,0.7314453125,0.7750000000000004,0.4,0.4,0.7250000000000003,0.8714285714285693,0.849999999999998,0.9071428571428549
0.8490196078431356,0.6689453125,0.73388671875,0.7750000000000004,0.4,0.4,0.7250000000000003,0.8785714285714264,0.849999999999998,0.9071428571428549
0.850980392156861,0.671875,0.73681640625,0.7750000000000004,0.4,0.4,0.7250000000000003,0.8857142857142836,0.849999999999998,0.9071428571428549
0.8529411764705865,0.67431640625,0.7392578125,0.7750000000000004,0.4,0.4,0.7250000000000003,0.8857142857142836,0.8571428571428551,0.9071428571428549
0.8549019607843119,0.6767578125,0.7421875,0.7750000000000004,0.4,0.4,0.7250000000000003,0.8857142857142836,0.8642857142857122,0.9071428571428549
0.8568627450980375,0.67919921875,0.74462890625,0.7750000000000004,0.4,0.4,0.7250000000000003,0.8857142857142836,0.8642857142857122,0.914285714285712
0.858823529411763,0.681640625,0.74755859375,0.7750000000000004,0.4,0.4,0.7250000000000003,0.8857142857142836,0.8714285714285693,0.914285714285712
0.8607843137254885,0.68408203125,0.75,0.7750000000000004,0.4,0.4,0.7250000000000003,0.8857142857142836,0.8785714285714264,0.914285714285712
0.8627450980392141,0.6865234375,0.75244140625,0.7750000000000004,0.4,0.4,0.7250000000000003,0.8857142857142836,0.8785714285714264,0.9214285714285692
0.8647058823529394,0.6884765625,0.7548828125,0.7750000000000004,0.4,0.4,0.7250000000000003,0.8857142857142836,0.8785714285714264,0.9285714285714263
0.8666666666666649,0.69091796875,0.7578125,0.7750000000000004,0.4,0.4,0.7250000000000003,0.8857142857142836,0.8857142857142836,0.9285714285714263
0.8686274509803904,0.693359375,0.76025390625,0.7750000000000004,0.4,0.4,0.7250000000000003,0.8928571428571407,0.8857142857142836,0.9285714285714263
0.8705882352941158,0.69580078125,0.7626953125,0.7750000000000004,0.4,0.4,0.7250000000000003,0.8999999999999978,0.8857142857142836,0.9285714285714263
0.8725490196078415,0.6982421875,0.76513671875,0.7750000000000004,0.4,0.4,0.7250000000000003,0.9071428571428549,0.8857142857142836,0.9285714285714263
0.8745098039215669,0.7001953125,0.76708984375,0.7750000000000004,0.4,0.4,0.7250000000000003,0.9071428571428549,0.8857142857142836,0.9357142857142834
0.8764705882352923,0.70263671875,0.76953125,0.7750000000000004,0.4,0.4,0.7250000000000003,0.9071428571428549,0.8928571428571407,0.9357142857142834
0.8784313725490177,0.70458984375,0.77197265625,0.7750000000000004,0.4,0.4,0.7250000000000003,0.914285714285712,0.8928571428571407,0.9357142857142834
0.8803921568627433,0.70654296875,0.7744140625,0.7750000000000004,0.4,0.4,0.7250000000000003,0.914285714285712,0.8928571428571407,0.9428571428571405
0.8823529411764688,0.70849609375,0.77685546875,0.7750000000000004,0.4,0.4,0.7250000000000003,0.914285714285712,0.8999999999999978,0.9428571428571405
0.8843137254901943,0.71044921875,0.77880859375,0.7750000000000004,0.4,0.4,0.7250000000000003,0.9214285714285692,0.8999999999999978,0.9428571428571405
0.8862745098039199,0.71240234375,0.78076171875,0.7750000000000004,0.4,0.4,0.7250000000000003,0.9214285714285692,0.9071428571428549,0.9428571428571405
0.8882352941176452,0.71435546875,0.783203125,0.7750000000000004,0.4,0.4,0.7250000000000003,0.9285714285714263,0.9071428571428549,0.9428571428571405
0.8901960784313707,0.71630859375,0.78515625,0.7750000000000004,0.4,0.4,0.7250000000000003,0.9285714285714263,0.914285714285712,0.9428571428571405
0.8921568627450962,0.7177734375,0.787109375,0.7750000000000004,0.4,0.4,0.7250000000000003,0.9285714285714263,0.9214285714285692,0.9428571428571405
0.8941176470588218,0.71923828125,0.7890625,0.7750000000000004,0.4,0.4,0.7250000000000003,0.9285714285714263,0.9214285714285692,0.9499999999999976
0.8960784313725472,0.720703125,0.79150390625,0.7750000000000004,0.4,0.4,0.7250000000000003,0.9285714285714263,0.9214285714285692,0.9571428571428547
0.8980392156862728,0.72216796875,0.79345703125,0.7750000000000004,0.4,0.4,0.7250000000000003,0.9357142857142834,0.9214285714285692,0.9571428571428547
0.8999999999999981,0.7236328125,0.79541015625,0.7750000000000004,0.4,0.4,0.7250000000000003,0.9357142857142834,0.9285714285714263,0.9571428571428547
0.9019607843137235,0.72509765625,0.79736328125,0.7750000000000004,0.4,0.4,0.7250000000000003,0.9428571428571405,0.9285714285714263,0.9571428571428547
